Date,MktRF,SMB,HML,Rf,Mom,ExcessOP,ExcessSP500,JNJ
201501,-3.11,-0.56,-3.58,0.0,3.84,4.268945,5.489250572684575,2.366670113423576
201502,6.13,0.63,-1.86,0.0,-2.82,-0.45719,-1.7396056070325554,-1.176280388754267
201503,-1.12,3.04,-0.37,0.0,2.74,-3.48023,0.8520762709815487,-1.3916813095641833
201504,0.59,-3.06,1.82,0.0,-7.27,5.029716,1.0491438545008007,0.9476116940440436
201505,1.36,0.93,-1.14,0.0,5.82,-4.78424,-2.101177285647163,-1.966544920568071
201506,-1.53,2.91,-0.79,0.0,3.01,-3.26234,1.9742039930008586,2.8216736368040345
201507,1.54,-4.17,-4.13,0.0,9.98,-3.21798,-6.258080462392581,-6.216954426385573
201508,-6.04,0.33,2.77,0.0,-2.09,-7.76044,-2.6442819620927143,0.08951589425256459
201509,-3.07,-2.62,0.56,0.0,5.22,11.55095,8.298307838940024,8.227112063482966
201510,7.75,-1.88,-0.46,0.0,-3.28,-0.56872,0.05049630655585022,0.20782131213645752
201511,0.56,3.6,-0.42,0.0,2.28,1.547827,-1.7530198374358805,2.2098232254858337
201512,-2.17,-2.84,-2.61,0.01,3.36,-6.51076,-5.083534448173628,1.6644816225057535
201601,-5.77,-3.42,2.09,0.01,1.44,4.080224,-0.4228355255019993,0.7272763714677849
201602,-0.07,0.73,-0.57,0.02,-4.38,-3.86363,6.57911087189412,3.567218138655212
201603,6.96,0.82,1.19,0.02,-5.01,5.202285,0.24993698233759604,3.565953279943383
201604,0.91,0.76,3.28,0.01,-6.02,1.534045,1.5224650171887684,0.5342387468542449
201605,1.78,-0.17,-1.66,0.01,1.42,9.384347,0.08108467059301887,8.398967425196428
201606,-0.05,0.61,-1.48,0.02,4.13,0.423116,3.5409807228685946,3.2199245371404355
201607,3.95,2.49,-1.32,0.02,-3.34,0.705566,-0.14191755612808662,-4.7233671338877805
201608,0.49,1.15,3.18,0.02,-3.49,0.71319,-0.14344825997834296,-0.3735657604899936
201609,0.25,2.12,-1.24,0.02,0.19,-8.26922,-1.962562503747222,-1.8315735233760253
201610,-2.02,-4.4,4.09,0.02,0.59,9.151927,3.3974446769983233,-4.063439272214852
201611,4.86,5.71,8.21,0.01,-4.62,4.149903,1.810075404423301,4.218321527377475
201612,1.82,0.1,3.53,0.03,-0.26,7.456697,1.7584341374735895,-1.7312235998097705
201701,1.94,-1.19,-2.75,0.04,-0.93,1.670327,3.6798260541408676,7.871682858164846
201702,3.57,-2.05,-1.67,0.04,-1.65,7.839771,-0.07892301704151533,2.5491069052675708
201703,0.17,1.14,-3.35,0.03,-1.02,5.709551,0.8791216902552998,-0.8970836686156848
201704,1.09,0.73,-2.13,0.05,0.48,7.646276,1.1076210049492645,3.821350666391812
201705,1.06,-2.57,-3.78,0.06,1.48,4.61996,0.42138319927024104,3.7741179052010616
201706,0.78,2.25,1.48,0.06,-0.09,0.291599,1.8748768883515514,0.2650558845959962
201707,1.87,-1.51,-0.31,0.07,1.68,7.15509,-0.015350767113309776,-0.3337250787479824
201708,0.16,-1.67,-2.09,0.09,3.26,9.703392,1.8402894827342073,-1.2480790685604686
201709,2.51,4.47,3.14,0.09,-1.32,13.30845,2.1288174774545947,7.140210316225161
201710,2.25,-1.94,0.2,0.09,4.27,1.235072,2.7182601368405406,-0.14740025789111177
201711,3.12,-0.55,-0.03,0.08,-0.87,-4.83144,0.9031619818853519,0.8140264380903647
201712,1.06,-1.32,0.06,0.09,-1.54,0.574961,5.527872464570368,-1.1850527534218966
201801,5.57,-3.13,-1.29,0.12,4.05,-3.0969,-4.014737960415184,-6.13346064829741
201802,-3.65,0.25,-1.04,0.11,3.58,-2.0092,-2.7984513768364283,-0.8101865146007944
201803,-2.35,4.06,-0.21,0.11,-1.13,-6.19138,0.1618801001185326,-1.4053612723171605
201804,0.28,1.13,0.54,0.14,0.36,8.52723,2.0208353316591374,-5.571264181912724
201805,2.65,5.25,-3.2,0.14,3.89,-4.81235,0.34424002040461427,2.050213154446344
201806,0.48,1.14,-2.34,0.14,-2.35,9.205191,3.4621586465418646,9.073796267140091
201807,3.19,-2.22,0.47,0.16,-1.41,2.19901,2.8663218631603997,1.4774729010111147
201808,3.44,1.14,-3.94,0.16,5.29,-1.88252,0.26943009181394706,3.107358369276621
201809,0.06,-2.27,-1.7,0.15,0.04,-5.74703,-7.090335897981463,1.1672210503899894
201810,-7.68,-4.78,3.4,0.19,-1.99,6.519911,1.5959381799140144,4.746064446588681
201811,1.69,-0.68,0.3,0.18,-1.37,-11.2688,-9.35769557672173,-11.771690148680273
201812,-9.57,-2.38,-1.84,0.2,2.11,3.885932,7.668440473103696,2.922799727139902
201901,8.4,2.9,-0.46,0.21,-8.68,-0.61164,2.7628930143115964,2.4650860504961134
201902,3.4,2.05,-2.67,0.18,0.86,-0.23512,1.612428775107841,2.8038617297272186
201903,1.1,-3.05,-4.17,0.19,2.21,-2.74369,3.741343494213937,0.8186433891031785
201904,3.97,-1.74,2.15,0.21,-2.97,-10.6806,-6.787772648116151,-7.327556566646908
201905,-6.94,-1.32,-2.37,0.21,7.56,9.051885,6.683018320821503,6.715658295171696
201906,6.93,0.29,-0.71,0.18,-2.3,8.335899,1.132819536603934,-6.684879155421668
201907,1.19,-1.93,0.48,0.19,2.89,-0.04391,-1.9991652742267787,-1.6183464647867705
201908,-2.58,-2.38,-4.78,0.16,6.92,0.278927,1.5581167690656883,1.3899220610549794
201909,1.43,-0.96,6.75,0.18,-6.81,12.18318,1.8631747482144954,1.8759620434176172
201910,2.06,0.29,-1.91,0.16,0.15,0.365446,3.2447064090915108,3.967547493365822
201911,3.87,0.77,-2.02,0.12,-2.66,6.948512,2.7389803182446304,6.710032671946592
201912,2.77,0.73,1.75,0.14,-1.77,-3.54072,-0.30280898111292687,1.9166441833952879
202001,-0.11,-3.11,-6.25,0.13,5.98,-4.55674,-8.54104690096481,-9.79619461218781
202002,-8.13,1.07,-3.81,0.12,-0.4,-4.08318,-12.63193208359566,-1.9892780378440051
202003,-13.39,-4.83,-13.87,0.13,7.97,15.76526,12.55441029331537,14.290802232830707
202004,13.65,2.45,-1.33,0.0,-5.23,3.472512,4.528177501261837,-0.8597710576844549
202005,5.58,2.47,-4.88,0.01,0.43,-1.93197,1.828840328350267,-4.813447275330965
202006,2.46,2.69,-2.2,0.01,-0.73,0.492548,5.500129697544421,3.6378544377539326
202007,5.77,-2.33,-1.41,0.01,7.61,-0.37938,6.996468732421925,5.2383809366129235
202008,7.63,-0.22,-2.97,0.01,0.55,-1.28473,-3.932795409549439,-2.316968345799141
202009,-3.63,0.02,-2.71,0.01,3.12,-1.11417,-2.776577460600653,-7.915672709576548
202010,-2.1,4.38,4.25,0.01,-3.05,12.56026,10.744565805086301,5.51109222743954
202011,12.47,5.8,2.09,0.01,-12.43,5.729262,3.702140665943237,9.523856224030746
202012,4.63,4.89,-1.51,0.01,-2.32,-6.82802,-1.12366401584636,3.6435903203861275
202101,-0.03,7.36,3.01,0.01,4.5,-2.73892,2.599147497199974,-2.872731718924097
202102,2.78,2.05,7.15,0.0,-7.89,11.28996,4.243863400810773,4.3637504121440225
202103,3.08,-2.37,7.39,0.0,-6.14,7.527007,5.242531255584731,-0.9856964842854026
202104,4.93,-3.19,-0.95,0.0,1.16,4.616967,0.5486502581813129,4.006617009234804
202105,0.29,-0.25,7.09,0.0,0.88,-3.11813,2.221397632316955,-2.0574276055456755
202106,2.75,1.68,-7.87,0.0,2.2,2.24293,2.2748109365910465,4.528387634784455
202107,1.27,-3.97,-1.78,0.0,-2.28,-2.06442,2.899032139168105,0.5400431810265578
202108,2.91,-0.42,-0.15,0.0,2.45,-4.67914,-4.756914042116628,-6.16316094074435
202109,-4.37,0.71,5.08,0.0,1.49,10.32805,6.9143873301234615,0.8544888673043621
202110,6.65,-2.35,-0.49,0.0,3.19,0.699332,-0.8333731418471463,-4.266966321862551
202111,-1.55,-1.32,-0.45,0.0,0.88,12.5696,4.36128749726298,10.428095367321987
202112,3.1,-1.67,3.26,0.01,-2.6,-10.2407,-5.2685089106999765,0.7031509818012861
202201,-6.25,-5.94,12.75,0.0,-2.6,1.492955,-3.136052086678269,-4.480800762252126
202202,-2.29,2.19,3.08,0.0,1.76,0.711803,3.577323877327999,8.384052116494203
202203,3.05,-1.61,-1.81,0.01,3.01,10.61241,-8.80567191490394,1.8125071545128115
202204,-9.46,-1.39,6.17,0.01,4.87,4.93243,-0.004675611639128806,-0.5253589302941151
202205,-0.34,-1.83,8.39,0.03,2.43,-7.64733,-8.42199932238664,-0.5198031071445978
202206,-8.43,2.1,-5.97,0.06,0.75,4.823497,9.051634763220596,-1.7444001034337402
202207,9.57,2.81,-4.05,0.08,-3.95,-3.06863,-4.324011921681044,-7.632142278734467
202208,-3.77,1.4,0.29,0.19,2.04,-2.2663,-9.529570164348929,1.7423245385893917
202209,-9.35,-0.81,0.05,0.19,3.51,10.19121,7.79634545768933,6.304862577580049
202210,7.83,0.06,8.01,0.23,3.96,8.392675,5.145286029369989,2.0864856117828547
202211,4.6,-3.52,1.38,0.29,-1.98,0.802909,-6.187144929916108,-0.4078735654577665
202212,-6.41,-0.69,1.37,0.33,4.55,-12.1613,5.845283240005207,-7.819373085460324
202301,6.65,5.01,-4.01,0.35,-16.01,-9.16451,-2.9612446646715354,-6.567108899277478
202302,-2.58,1.17,-0.81,0.34,0.15,-2.80916,3.165157235872708,1.5227301104500737
202303,2.51,-5.51,-8.85,0.36,-2.47,10.11757,1.1042360882970417,5.252900126034685
202304,0.61,-3.35,-0.04,0.35,1.62,-1.61329,-0.10176760651207425,-5.627952734254106
202305,0.35,1.61,-7.72,0.36,-0.63,6.444552,6.1127512841431395,7.191176509440668
202306,6.46,1.54,-0.26,0.4,-2.37,5.891537,2.7138913980379185,0.8143525223274775
202307,3.21,2.08,4.11,0.45,-3.98,-4.27583,-2.221643248143374,-3.941904069540404
202308,-2.39,-3.16,-1.06,0.45,3.77,2.092352,-5.321929116215501,-3.418319731623451
202309,-5.24,-2.51,1.52,0.43,0.26,-0.22069,-2.6279687736850086,-5.187629962551667
202310,-3.19,-3.87,0.19,0.47,1.73,2.199888,8.447926462873765,3.7904957165358466
202311,8.84,-0.02,1.64,0.44,2.75,8.155856,3.9829169403213744,1.716460253861776
202312,4.85,6.34,4.93,0.43,-5.53,0.967677,1.159574471207563,0.9640063949668299
