Date,CI,F,IBM,JNJ,MU,SHW,WBD,XOM,SPY,S&P 500,Rf
2015-01-01,13.85376092,12.21439616,5.62911583,2.366670113,4.783062613,5.135119189,11.4177268,1.281211529,5.62089958,5.489250573,0.0
2015-02-01,6.421127292,-1.223990554,-0.1939661965,-1.176280389,-11.54223409,-0.01264437838,-4.767798909,-3.275613815,-2.008953553,-1.739605607,0.0
2015-03-01,-3.676710652,-2.106569124,6.722724873,-1.39168131,3.685963573,-2.284707347,5.201563719,2.788266477,1.439095426,0.852076271,0.0
2015-04-01,12.98939505,-3.082142331,-0.9574290525,0.947611694,-0.7109874751,3.661870409,4.882564744,-2.483708796,1.283566965,1.049143855,0.0
2015-05-01,15.03232032,-1.054698566,-3.394639907,-1.966544921,-32.5456453,-4.344601558,-2.003538657,-1.539727141,-2.50680896,-2.101177286,0.0
2015-06-01,-11.07407664,-1.199206004,-0.4119203911,2.821673637,-1.751591531,0.9963132192,-0.7215815226,-4.795650256,2.75940707,1.974203993,0.0
2015-07-01,-2.269879721,-5.517730492,-8.704255935,-6.216954426,-11.34522385,-7.902526983,-19.44276196,-5.012000742,-6.097425655,-6.258080462,0.0
2015-08-01,-4.098316567,-2.162919162,-1.160662228,0.08951589425,-8.714199109,-12.69607414,-2.142853383,-0.2583155408,-3.05465288,-2.644281962,0.0
2015-09-01,-0.7258012583,9.137824519,-3.373163165,8.227112063,10.54740776,19.77284686,13.10026842,11.28446288,9.068746953,8.298307839,0.0
2015-10-01,0.7012519847,-2.256428293,-0.4711188802,0.2078213121,-3.804359811,3.462843777,5.774449532,-1.305291722,0.3632096558,0.05049630656,0.0
2015-11-01,8.408686315,-1.674833039,-0.3651385143,2.209823225,-11.11111253,-5.728884713,-14.32241215,-3.711090461,-2.304994154,-1.753019837,0.0
2015-12-01,-8.699516892,-15.25902765,-9.322773134,1.674481623,-22.10451053,-1.513897746,3.410794603,-0.1282988647,-4.416709409,-5.073534448,0.01
2016-01-01,4.498505159,8.307538746,5.000366736,0.7372763715,-3.626477878,5.800486068,-9.387459224,2.954434185,-0.08347245409,-0.4128355255,0.01
2016-02-01,-1.697609679,7.913696511,16.76485149,3.587218139,-1.50516263,5.579917421,14.519996,5.238513615,6.182121972,6.599110872,0.02
2016-03-01,0.9761491053,0.4444680375,-3.638148921,3.58595328,2.674303973,0.9273924648,-4.610548537,5.754293088,0.9104192424,0.2699369823,0.02
2016-04-01,-7.528522586,0.5810242581,5.344653635,0.5442387469,18.32556938,1.315641542,1.977301427,0.7013441581,1.704165738,1.532465017,0.01
2016-05-01,-0.09369271757,-6.819894565,-0.3221234519,8.408967425,8.176106815,1.176705733,-9.407540395,6.18717513,-0.1752272478,0.09108467059,0.01
2016-06-01,0.757903381,0.7159988543,5.82423469,3.239924537,-0.1453671359,2.063548576,-0.5548949663,-5.109892927,4.185408667,3.560980723,0.02
2016-07-01,-0.5428233343,0.6173638236,-1.083320946,-4.703367134,20.01456972,-5.344824767,1.673973695,-2.034826069,0.1210972464,-0.1219175561,0.02
2016-08-01,1.606116234,-4.206346514,0.8446383372,-0.3535657605,7.822939911,-2.203149648,5.527244218,1.01478695,-0.4943205721,-0.12344826,0.02
2016-09-01,-8.81676136,-2.734059837,-3.248361215,-1.811573523,-3.48706801,-11.49423874,-3.00891159,-4.537116301,-1.236655745,-1.942562504,0.02
2016-10-01,13.38889453,3.143134324,5.550130812,-4.043439272,13.81116635,9.723917032,3.753347233,4.776757428,3.681506849,3.417444677,0.02
2016-11-01,-1.001947769,1.421398891,3.252279302,4.228321527,12.2375944,0.3432530577,1.181247693,4.306089626,1.429603633,1.820075404,0.01
2016-12-01,9.618411776,1.896126105,5.138874113,-1.7012236,9.990895182,13.04978233,3.429405327,-7.057356085,2.391492393,1.788434137,0.03
2017-01-01,1.832871079,3.009158293,3.036916333,7.911682858,-2.778937667,1.556884104,1.446208113,-3.063549408,3.925855986,3.719826054,0.04
2017-02-01,-1.618525914,-7.10292994,-2.393001267,2.589106905,23.29349588,0.809033659,1.147426982,1.770666195,-0.3060297423,-0.03892301704,0.04
2017-03-01,6.772563716,-1.460474641,-7.953376979,-0.8670836686,-4.256053135,7.895158746,-1.065654864,-0.4390018591,1.429325147,0.9091216903,0.03
2017-04-01,3.108033471,-1.744849041,-4.778836245,3.871350666,11.20348028,-0.8695030662,-7.922171372,-1.408423678,1.413912139,1.157621005,0.05
2017-05-01,3.82064404,0.6294743208,1.770768316,3.834117905,-2.95742811,6.051704135,-2.528301887,1.232743626,0.1492119743,0.4813831993,0.06
2017-06-01,3.685978785,0.2681176375,-5.954633671,0.3250558846,-5.827198248,-3.900703177,-4.761904762,-0.854708236,2.551447993,1.934876888,0.06
2017-07-01,4.897467987,-0.4309366494,-1.133590099,-0.2637250787,13.6913364,0.5929897561,-9.71545122,-4.635159038,0.2905656951,0.05464923289,0.07
2017-08-01,2.680435237,8.522227256,2.504971689,-1.158079069,23.02157161,5.802875378,-4.142269435,8.443064154,1.511996378,1.930289483,0.09
2017-09-01,5.499072124,2.506271236,6.189638788,7.230210316,12.66210428,10.36476029,-11.31987735,1.671158111,2.863003924,2.218817477,0.09
2017-10-01,7.357283891,3.304510299,-0.05839845215,-0.05740025789,-4.333110989,1.080608341,0.7415307596,-0.07202097774,3.056446718,2.808260137,0.09
2017-11-01,-4.080666803,-0.2396329288,0.6387617211,0.8940264381,-2.99601148,2.885461092,17.66560988,1.349626297,0.6983298978,0.9831619819,0.08
2017-12-01,2.589998729,-12.16971873,6.700566875,-1.095052753,6.322980001,1.724194435,12.01966542,4.375919203,6.178719138,5.617872465,0.09
2018-01-01,-5.980350782,-0.899874374,-4.807587965,-6.013460648,11.64227301,-3.723209551,-2.991623454,-13.24170639,-3.635505194,-3.89473796,0.12
2018-02-01,-14.37030112,4.429757561,-0.5707203281,-0.7001865146,6.822372187,-2.144720185,-11.88322368,-0.4846466894,-3.13163482,-2.688451377,0.11
2018-03-01,2.456166735,1.444059429,-5.520433149,-1.295361272,-11.81436532,-6.237902235,10.35930938,4.208539501,0.91886196,0.2718801001,0.11
2018-04-01,-1.425899715,4.136689878,-2.51794395,-5.431264182,25.25013418,3.152379201,-10.82452431,4.48875329,2.430773086,2.160835332,0.14
2018-05-01,0.3424447677,-4.155846231,-0.04188627441,2.190213154,-8.94252486,7.710395795,30.39355145,2.866262882,0.126401631,0.4842400204,0.14
2018-06-01,5.572213097,-9.304416834,3.743730294,9.213796267,0.6674241983,8.136046456,-3.345454545,-1.474683469,4.17006027,3.602158647,0.14
2018-07-01,4.971569194,-4.250292818,1.069485816,1.637472901,-0.5114670818,3.369401584,4.702784048,-1.643979215,3.193901486,3.026321863,0.16
2018-08-01,10.57131904,-2.426190575,4.344355027,3.267358369,-13.88042,0.1150863369,14.9838304,7.143469656,0.1401674433,0.4294300918,0.16
2018-09-01,2.669860078,3.243267557,-23.66245414,1.31722105,-16.60402012,-13.56296852,1.218746875,-6.2808629,-6.487856548,-6.940335898,0.15
2018-10-01,4.475943158,0.3040988953,7.658319946,4.936064447,2.226943157,7.776954184,-5.155912478,-0.2259008073,1.852825762,1.78593818,0.19
2018-11-01,-14.97897523,-18.70348967,-7.364825786,-11.59169015,-17.71267239,-7.025429097,-19.46614321,-13.3568949,-9.333915876,-9.177695577,0.18
2018-12-01,5.207461938,15.0326829,18.25462847,3.122799727,20.45384724,7.131606572,14.71301132,7.464434509,8.63889254,7.868440473,0.2
2019-01-01,-12.69707148,1.395293548,2.759967584,2.67508605,6.959696275,2.770933274,1.832279839,7.846629498,3.242066212,2.972893014,0.21
2019-02-01,-7.807819646,0.1140159451,3.340357105,2.98386173,1.100789496,-0.3186436144,-6.505190311,3.374723193,1.363121509,1.792428775,0.18
2019-03-01,-1.207074782,19.02050808,-0.5882440154,1.008643389,1.766264852,5.600099961,14.35973353,-0.6435724049,4.543002466,3.931343494,0.19
2019-04-01,-6.811871092,-7.438012458,-9.467465811,-7.117556567,-22.4678998,-7.778767313,-11.77993528,-11.8460356,-6.376469721,-6.577772648,0.21
2019-05-01,6.438329289,7.457963684,9.881163888,6.925658295,18.33794231,9.547023243,12.61922597,9.521517958,6.440691311,6.893018321,0.21
2019-06-01,7.851455105,-6.842608022,7.498169196,-6.504879155,16.3254467,11.94657912,-1.270364779,-2.962296993,2.00466028,1.312819537,0.18
2019-07-01,-9.386768972,-2.34137314,-8.573936176,-1.428346465,0.8465161353,2.672313844,-8.940940579,-7.907468281,-1.675187643,-1.809165274,0.19
2019-08-01,-1.415857482,-0.1090615042,8.561520011,1.549922061,-5.34569397,4.618595126,-3.514496377,4.392459745,1.478777151,1.718116769,0.16
2019-09-01,17.5703325,-6.222694888,-8.038788523,2.055962043,10.96849869,4.082781239,1.239203952,-4.305352455,2.681880951,2.043174748,0.18
2019-10-01,12.02511072,7.202401013,0.538420295,4.127547493,-0.08413470306,1.888829742,22.18100972,0.8287557714,3.620469989,3.404706409,0.16
2019-11-01,2.285896618,2.649008986,0.8725419207,6.830032672,13.19722062,0.2624072511,-0.6071554526,3.65706002,2.401038287,2.858980318,0.12
2019-12-01,-5.922049264,-5.16128193,7.229174541,2.056644183,-1.282996249,-4.549826836,-10.62920522,-10.97735716,0.4502701621,-0.1628089811,0.14
2020-01-01,-4.906955164,-19.74641251,-9.448270355,-9.666194612,-0.9983116605,-7.224514658,-12.16677717,-17.19253336,-7.915795066,-8.411046901,0.13
2020-02-01,-3.14857767,-30.60344485,-13.87756007,-1.869278038,-19.97716375,-10.84761179,-24.35797571,-25.1261459,-12.99895431,-12.51193208,0.12
2020-03-01,10.52042382,5.383031407,13.18847885,14.42080223,13.86114254,16.72397954,15.32921217,22.38611303,13.36206897,12.68441029,0.13
2020-04-01,0.7865840042,12.18073306,-0.5256153074,-0.8597710577,0.0417527648,10.71648439,-2.988403211,-2.151927912,4.76381983,4.528177501,0.0
2020-05-01,-4.900672224,6.479861809,-2.009887531,-4.803447275,7.53496229,-2.462800168,-2.988505747,0.2575041136,1.329610888,1.838840328,0.01
2020-06-01,-7.972283358,8.717099306,1.796806979,3.647854438,-2.833836995,12.12598783,0.0,-5.903393648,6.354181017,5.510129698,0.01
2020-07-01,2.71004084,3.177031116,0.3009531062,5.248380937,-9.089091567,3.569852205,4.597156398,-5.085565101,6.978400959,7.006468732,0.01
2020-08-01,-4.487766991,-2.346068301,-0.03805053554,-2.306968346,3.186114001,4.037961806,-1.359311282,-12.35036087,-4.128829156,-3.92279541,0.01
2020-09-01,-1.440302356,16.06605598,-8.227167954,-7.90567271,7.197611364,-1.257279877,-7.028020211,-4.98107654,-2.102803738,-2.766577461,0.01
2020-10-01,25.25604466,17.46443737,10.62153113,5.521092227,27.31425942,8.670308763,32.95454545,16.89149069,10.87853964,10.75456581,0.01
2020-11-01,-0.4590346793,-3.193836456,3.388377324,9.533856224,17.30378238,-1.519976841,11.81716834,10.71200192,3.263620233,3.712140666,0.01
2020-12-01,4.26074565,19.79524654,-5.378134703,3.65359032,4.110146308,-5.866033715,37.6536989,8.782162246,-0.5943494549,-1.113664016,0.01
2021-01-01,-3.294180042,11.11108874,-0.151128344,-2.862731719,16.94134725,-1.656552673,28.029941,21.2533407,2.779824313,2.609147497,0.01
2021-02-01,15.1691337,4.700871649,13.54641774,4.363750412,-3.627214145,8.743187762,-18.04638918,4.429133416,4.198946817,4.243863401,0.0
2021-03-01,3.445944504,-5.795929936,6.468547566,-0.9856964843,-2.426044766,11.32776629,-13.34560316,2.525512349,5.635815209,5.242531256,0.0
2021-04-01,3.951652671,25.90987608,1.310965344,4.006617009,-2.242345706,3.527219217,-14.73711896,1.974149861,0.6562468691,0.5486502582,0.0
2021-05-01,-8.414141232,2.271164773,3.122209142,-2.057427606,0.9983348573,-3.719599906,-4.453444271,9.643567569,1.908624894,2.221397632,0.0
2021-06-01,-2.81313466,-6.123820721,-3.840640515,4.528387635,-8.707924081,6.819581501,-5.443285528,-8.734949514,2.776353381,2.274810937,0.0
2021-07-01,-7.773760227,-6.594988476,-0.4398258786,0.540043181,-5.001332227,4.34322003,-0.5860048259,-5.297890409,2.976954146,2.899032139,0.0
2021-08-01,-5.428776663,8.672306559,0.1350000155,-6.163160941,-3.690604172,-7.715013111,-11.99722954,9.51995094,-4.965046259,-4.756914042,0.0
2021-09-01,7.213888659,20.62146712,-9.954644613,0.8544888673,-2.512552962,13.18412945,-7.643806448,9.605597552,7.358403535,6.91438733,0.0
2021-10-01,-10.1633874,12.35364936,-2.089043113,-4.266966322,21.56295461,4.620843673,-0.725260208,-7.181638726,-0.8027678531,-0.8333731418,0.0
2021-11-01,19.66129429,8.778418487,15.66489509,10.42809537,10.89285716,6.491474903,1.160296519,3.630243646,4.258326305,4.361287497,0.0
2021-12-01,0.8661403102,-2.262886976,-0.06734400223,0.7131509818,-11.5859172,-18.6420972,18.5641411,24.13794241,-4.941510878,-5.258508911,0.01
2022-01-01,3.176238555,-13.05279455,-8.280303684,-4.480800762,8.010211319,-8.160272372,0.5016087424,3.238529081,-2.951121334,-3.136052087,0.0
2022-02-01,0.7696277313,-3.701591251,7.408500934,8.384052116,-12.34526293,-4.914022917,-11.15864211,6.48506771,3.436670459,3.577323877,0.0
2022-03-01,3.479632439,-16.26256747,1.684359959,1.822507155,-12.45345838,10.15142772,-27.16693419,3.220744252,-8.494111177,-8.795671915,0.01
2022-04-01,8.716255752,-2.747037327,5.0147399,-0.5153589303,8.433617185,-2.516724865,1.652898072,12.60996862,0.2253662201,0.005324388361,0.01
2022-05-01,-1.777928583,-18.64036009,2.926190836,-0.4898031071,-25.13540922,-16.27048992,-27.26287657,-9.877888195,-8.63960025,-8.391999322,0.03
2022-06-01,4.948027556,31.98562648,-7.365974447,-1.684400103,11.90302907,8.052344347,11.77347243,13.18309352,9.680859792,9.111634763,0.06
2022-07-01,2.93798391,3.744044855,-1.789104974,-7.552142279,-8.437304498,-4.067125547,-11.73333333,-1.382451209,-4.081581769,-4.244011922,0.08
2022-08-01,-2.109714798,-25.77623312,-6.339506093,1.932324539,-11.37447897,-11.57272728,-13.14199396,-7.77450583,-9.615284637,-9.339570164,0.19
2022-09-01,16.88564301,19.37500301,16.3959205,6.494862578,7.984015932,9.904751174,13.04347826,26.91557233,8.573236318,7.986345458,0.19
2022-10-01,1.804623633,3.964084699,7.672300801,2.316485612,6.786780348,10.73190901,-12.30769231,0.478284962,5.557321466,5.375286029,0.23
2022-11-01,0.7449270604,-15.45632562,-4.251324322,-0.1178735655,-13.30443262,-4.51770062,-16.84210526,-0.1365458736,-6.193224592,-5.89714493,0.29
2022-12-01,-4.099199982,16.16507737,-4.372196235,-7.489373085,20.92280906,-0.3117980171,56.32911392,5.176774978,6.775988444,6.17528324,0.33
2023-01-01,-7.758888688,-10.65877039,-4.030271113,-6.217108899,-4.112768484,-6.441522478,5.398110661,-5.258164459,-2.512839785,-2.611244665,0.35
2023-02-01,-12.51967955,10.9720541,2.629691537,1.86273011,4.35835451,1.821248978,-3.329065301,0.5402815497,3.312602796,3.505157236,0.34
2023-03-01,-0.452150664,-5.714287167,-3.570062909,5.612900126,6.662236452,5.681347233,-9.867549669,7.915366743,1.985025248,1.464236088,0.36
2023-04-01,-2.321442058,2.271674296,1.724544294,-5.277952734,6.180594775,-4.108773041,-17.11976488,-13.65555924,0.4634259372,0.2482323935,0.35
2023-05-01,13.4149885,26.08332207,5.478321565,7.551176509,-7.463339572,16.87926022,11.17021277,5.872621511,6.08414868,6.472751284,0.36
2023-06-01,5.662127283,-12.69001985,7.749781004,1.214352522,13.11995435,4.13528764,4.226475279,-0.00932084012,3.657169012,3.113891398,0.4
2023-07-01,-6.384262685,-7.176081638,1.837987216,-3.49190407,-1.846755084,-1.728749764,0.5355776588,3.683320815,-1.624975162,-1.771643248,0.45
2023-08-01,3.55099411,2.390774102,-3.347708373,-2.968319732,-2.7309192,-5.926573571,-17.35159817,6.613776697,-5.078887717,-4.871929116,0.45
2023-09-01,8.56810007,-21.49759284,3.09337319,-4.757629963,-1.705126572,-6.602620136,-8.47145488,-9.976193954,-1.825318012,-2.197968774,0.43
2023-10-01,-14.98060349,6.871590272,9.623885883,4.260495717,14.02271511,17.03956167,5.130784708,-2.938115128,9.13491643,8.917926463,0.47
2023-11-01,13.91129575,18.81090203,4.316879614,2.156460254,12.11244632,12.12851649,8.899521531,-1.796521257,4.142116297,4.42291694,0.44
